序号,中文名称,cas号,ec号,分子量,熔点min,熔点max,沸点min,沸点max,iarc等级,简介,外观,溶解性,毒性,临床特性,代谢途径,相关食品,检测方法,限量要求
1.0,甲醛,000050-00-0,200-001-8,30.03,,,,,1,是一种重要的有机原料，也是炸药、染料、医药、农药的原料，也作杀菌剂、消毒剂等。,无色气体。,易溶于水和乙醇。,甲醛浓度过高会引起急性中毒，表现为咽喉烧灼痛、呼吸困难、肺水肿、过敏性紫癜、过敏性皮炎、肝转氨酶升高、黄疸等。,"1. 轻度中毒：明显的眼部及上呼吸道粘膜刺激症状。
2. 中度中毒：咳嗽不止、咯痰、胸闷、呼吸困难及干湿性破锣音。胸透X光时肺部纹理实质化，转变为散布的点状小斑点或片状阴影。进行血气分析之时会伴随着轻、中度的低氧血症。
3. 重度中毒：肺部及喉部情况出现恶化，出现",甲醛是一种具强还原性的原生质毒素，进入人体器官后，能与蛋白质中的氨基结合生成所谓甲酰化蛋白而残留在体内，其反应速度受pH值温度的显著影响。进入人体的甲醛亦可能转化成甲酸强烈地刺激粘膜，并逐渐排出体外。,⑴水发食品,分光光度法，包括：AHMT法、酚试剂法、乙酰丙酮法、品红一亚硫酸法、变色酸法、间苯三酚法、亚硝基亚铁氰化钠法、氯化铁法；电化学传感器、光学传感器和光生化传感器等,禁止使用。
2.0,环磷酰胺,,,279.1012,,,,,1,1.作为抗肿瘤药，用于恶性淋巴瘤、多发性骨髓瘤、乳腺癌、小细胞肺癌、卵巢癌、神经母细胞瘤、视网膜母细胞瘤、尤因肉瘤、软组织肉瘤以及急性白血病和慢性淋巴细胞白血病等。对睾丸肿瘤、头颈部鳞癌、鼻咽癌、横纹肌瘤、骨肉瘤也有一定疗效。目前多与其他抗癌药组成联合化疗,本品为白色结晶或结晶性粉末；失去结晶水即液化。,本品在乙醇中易溶，在水或丙酮中溶解。,主要毒性反应为骨髓抑制。,"1.不良反应：骨髓抑制、脱发、消化道反应、口腔炎、膀胱炎等。少数患者有头昏、烦躁、幻视、癫痫等神经症状。

2.剂量>120mg/kg可引起心肌损伤及肾毒性。

3.皮肤反应：可见各种皮损，口唇疱疹较常见，外阴部也可发生疱疹。",,,取本品约25mg，精密称定，置50ml量瓶中，加流动相溶解并稀释至刻度，摇匀，精密量取20μl注入液相色谱仪，记录色谱图；另取环磷酰胺对照品，同法测定。按外标法以峰面积计算，即得。,
3.0,苯并(a)芘,50-32-8,601-032-00-3,252.32,,,,,1,苯并a芘（Benzoapyrene），英文表示BaP，是一种五环多环芳香烃类。结晶为黄色固体。这种物质是在300到600°C之间的不完全燃烧状态下产生。苯并芘存在于煤焦油中，而煤焦油可见于汽车废气（尤其是柴油引擎）、烟草与木材燃烧产生的烟，以及炭烤食物中。苯并芘为一种突变原和 ,无色至淡黄色、针状、晶体(纯品)。,不溶于水，微溶于乙醇、甲醇，溶于苯、甲苯、二甲苯、氯仿、乙醚、丙酮等。,"毒性：是多环芳烃中毒性最大的一种强烈致癌物。
急性毒性：LD50500mg/kg(小鼠腹腔)；50mg/kg(大鼠皮下)
慢性毒性：长期生活在含BaP的空气环境中，会造成慢性中毒，空气中的BaP是导致肺癌的最重要的因素之一。
水生生物毒性：5μg/L，12天，微生物，阻碍作用；5mg/L，13小",对眼睛、皮肤有刺激作用。是致癌物、致畸原及诱变剂。,BaP进入机体后，除少部分以原形随粪便排出外，一部分经肝、肺细胞微粒体中混合功能氧化酶激活而转化为数十种代谢产物，其中转化为羟基化合物或醌类者，是一种解毒反应；转化为环氧化物者，特别是转化成7，8-环氧化物，则是一种活化反应，7，8-环氧化物再代谢产生 7，8-二氢 ,吸烟烟雾和,荧光光度法	GB/T5009.27-1996,GB7104-1994 食品中苯并(a)芘限量卫生标准
4.0,噻替哌,52-24-4,,189.2183,,,,,1,为乙撑亚胺类抗肿瘤药物中疗效最好者，其乙撑亚胺基能开环与细胞内DNA核碱基如鸟嘌呤结合，从而改变DNA结构及功能，影响癌细胞的分裂，为细胞周期非特异性药物，对增殖细胞的各个时期均有影响。对卵巢癌及乳腺癌有较好疗效，对肺癌、肝癌、慢性白血病、消化道癌、子宫颈癌、,外观白色晶体或粉末。,,骨髓抑制是最常见的剂量限制性毒性(白细胞及血小板减少)，多在用药后1～6周发生，停药后大多数恢复，有时骨髓抑制突然发生，要注意。其它可有食欲减退、恶心及呕吐等。另外，本品可增加血尿酸水平，为了控制高尿酸血症可给予别嘌醇。,1.骨髓抑制：可引起白细胞及血小板下降，多在用药后１～６周时发生，有些病人在疗程结束时开始有下降，多数病人在停药后可自行恢量，但也有少数病人抑制时间较久，需给以适当措施。用药期间应检查血象。 2.胃肠道反应：一般较轻，可有食欲减退，少数有恶心、呕吐，个别病人 ,,,,
5.0,白消安,55-98-1,,246.29,,,,,1,白消安（Busulfan）作用同氮芥，属双甲基磺酸酯类双功能烷化剂，为细胞周期非特异性药物。进入人体后磺酸酯基团的环状结构打开，通过与细胞DNA内的鸟嘌呤起烷化作用而破坏DNA的结构与功能。易经胃肠道吸收，口服吸收良好。吸收后很快自血浆消失，反复给药可逐渐在体内蓄积。,本品为白色结晶性粉末；几乎无臭。,"不溶于水,但可以缓慢溶解,同时发生水解作用。在25℃丙酮中溶解度为2.4g/100ml,在乙醇中溶解度0.1g/100ml。",慢粒白血病患者治疗时有大量细胞破坏，血及尿中尿酸水平可明显升高，严重时可产生尿酸肾病；对有骨髓抑制，感染，有细胞毒药物或放疗史的患者也应慎用,主要为消化道反应及骨髓抑制，白细胞、血小板减少，肺纤维化。有的患者可有头昏、面红、男性乳腺发育或睾丸萎缩；妇女无月经，可能致畸胎。长期服用或用药过大可致肺纤维化。妊娠前3个月禁用本品。,,,"1）取本品约0.1g，加硝酸钾0.1g与氢氧化钾0.25g，加热熔融，放冷，加水5ml溶解，加稀盐酸使成酸性，加氯化钡试液数滴，即生成白色沉淀。

（2）取本品约0.1g，加水10ml与氢氧化钠试液5ml，加热溶解后，即发生特殊气味；放冷，将溶液分成2份，1份中加高锰酸钾试液1滴，溶液",
6.0,己烯雌酚,56-53-1,200-278-5,268.36,,,,,1,"己烯雌酚（Diethylstilbestrol）是人工合成的非甾体雌激素物质，能产生与天然雌二醇相同的所有药理与治疗作用。主要用于雌激素低下症及激素平衡失调引起的功能性出血、闭经，还可用于死胎引产前，以提高子宫肌层对催产素的敏感性。

",本品为无色结晶或白色结晶性粉末；几乎无臭。,本品在甲醇中易溶，在乙醇、乙醚或脂肪油中溶解，在三氯甲烷中微溶，在水中几乎不溶；在稀氢氧化钠溶液中溶解。,己烯雌酚是一种环境激素，与雌激素受体结合后会干扰人的内分泌，诱发生殖器病变与肿瘤。,可有恶心，呕吐，食欲不振，头痛，长期使用可使子宫内膜增生过度而致子宫出血和肥大。,,动物性食品,"GB/T 14931.2-1994 畜禽肉中己烯雌酚的测定
农业部1163号公告-1-2009 动物性食品中己烯雌酚残留检测 酶联免疫吸附测定法
",没有已知的国家规定的暴露极限。
7.0,林丹,58-89-9,210-168-9,290.83,,,,,1,该品是作用于昆虫神经的广谱杀虫剂，兼有胃毒、触杀、熏蒸作用，一般加工成粉剂或可湿性粉剂使用。由于用途广、制造六六六的工艺较简单，50-60年代在全世界广泛生产和应用，曾是我国产量最大的杀虫剂，对于消除蝗灾、防治家林害虫和家庭卫生害虫起过积极作用。六六六因长期 ,白色结晶粉末。,微溶于水，溶于乙醇、苯、甲苯、丙酮等。,六六六急性毒性较小，各异构体毒性比较，以γ-六六六最大。六六六进入机体后主要蓄积于中枢神经和脂肪组织中，刺激大脑运动及小脑，还能通过皮层影响植物神经系统及周围神经，在脏器中影响细胞氧化磷酸化作用，使脏器营养失调，发生变性坏死。能诱导肝细胞微粒体氧化酶，影 ,"人体中毒时，对神经系统主要表现为头痛、头晕、多汗、无力、震颤、上下肢呈癫痫状抽搐、站立不稳、运动失调、意识迟钝、甚至昏迷、并可因呼吸中枢抑制而民生呼吸衰竭。对消化系统会产生流涎、恶心、呕吐、上腹不适疼痛及腹泻等症状。

呼吸及循环系统可以造成咽、喉、鼻粘","吸收：六六六可以经由任何途径进入体内，包括由皮肤进入体内。给大鼠口服六六六，如果溶在橄榄油中，80%可以被吸收，但若为水溶性的悬浮剂，则只有6%会被吸收。
分布：六六六被吸入人体后，脂肪组织中的浓度最高，血液和肌肉中的浓度最低。吸收2～5d，可达到最高的血中浓度",食物中农药,"食品中六六六 滴滴涕残留量的测定方法--中华人民共和国国家标准

Method for determination of BHC and DDT residues in foods

GB/T 5009.19--1996代替GB 5009.19--85",
8.0,非那西丁,62-44-2,,179.21600,,,,,1,本品主要用于解热、止痛，由于毒性较大，目前已被对乙酰氨基酚所代替，现仅用于某些复方制剂中。,白色结晶粉末,难溶于水，微溶于乙醚，略溶于沸水，溶于乙醇和氯仿。溶于浓硫酸时不显颜色，向溶液中滴入硝酸后即呈橙黄色。无臭，味微苦。,本品毒性较大，长期或过量应用可发生溶血性贫血、高铁血红蛋白血症，肾乳头坏死和肾盂转移性细胞癌。,,内服易吸收，服后20-30分钟始现药效。持续5-6小时，吸收后非那西丁大部分在肝脏迅速去乙基生成对乙酰氨基酚（扑热息痛）而呈现解热、镇痛作用。其后主要以结合形式从尿中排除；小部分经去乙酰基生成对氨苯乙醚，后者使血红蛋白变为高铁血红蛋白，因而表现为非那西丁的发绀毒,,,
9.0,酒精饮料中的乙醇,64-17-5,200-578-6,46.07,,,,,1,乙醇（ethanol），有机化合物，俗称酒精，是最常见的一元醇。乙醇的用途很广，可用乙醇制造醋酸、饮料、香精、染料、燃料等。医疗上也常用体积分数为70%~75%的乙醇作消毒剂等，在国防化工、医疗卫生、食品工业、工农业生产中都有广泛的用途。,易燃、易挥发的无色透明液体,其蒸气能与空气形成爆炸性混合物，能与水以任意比互溶。能与氯仿、乙醚、甲醇、丙酮和其他多数有机溶剂混溶。,"毒性：低毒。急性毒性：LD50 7060mg/kg(大鼠经口)；7340 mg/kg(兔经皮)；LC50 37620 mg/m3，10小时(大鼠吸入)；人吸入4.3 mg/L×50分钟，头面部发热，四肢发凉，头痛；人吸入2.6 mg/L×39分钟，头痛，无后作用。
刺激性：家兔经眼：500 mg，重度刺激。家兔经皮开放性刺激试","急性中毒：急性中毒多发生于口服。一般可分为兴奋、催眠、麻醉、窒息四阶段。患者进入第三或第四阶段，出现意识丧失、瞳孔扩大、呼吸不规律、休克、心力循环衰竭及呼吸停止。
慢性影响：在生产中长期接触高浓度本品可引起鼻、眼、粘膜刺激症状，以及头痛、头晕、疲乏、易激","饮酒后，乙醇很快通过胃和小肠的毛细血管进入血液。
一般情况下，饮酒者血液中乙醇的浓度（blood alcohol concentration，BAC）在30~45分钟内将达到最大值，随后逐渐降低。
当BAC超过1000mg/L时，将可能引起明显的乙醇中毒。
摄入体内的乙醇除少量未被代谢而通过呼吸和尿",酒类与饮料,"醇含量的测定有物理方法和化学方法。
物理方法：
有气相色谱法、密度瓶法、酒精计法、折射计测定法。
化学方法：
重铬酸钾比色法、莫尔氏盐法、碘量滴定法。",
10.0,苯,71-43-2,200-753-7,78.11,,,,,1,"苯(Benzene, C6H6)一种碳氢化合物即最简单的芳烃，在常温下是甜味、可燃、有致癌毒性的无色透明液体，并带有强烈的芳香气味。它难溶于水，易溶于有机溶剂，本身也可作为有机溶剂。苯具有的环系叫苯环，苯环去掉一个氢原子以后的结构叫苯基，用Ph表示，因此苯的化学式也可写 ",苯在常温下为一种无色、有甜味的透明液体，其密度小于水，具有强烈的芳香气味。,苯难溶于水，1升水中最多溶解1.7g苯；但苯是一种良好的有机溶剂，溶解有机分子和一些非极性的无机分子的能力很强，除甘油，乙二醇等多元醇外能与大多数有机溶剂混溶.除碘和硫稍溶解外，无机物在苯中不溶解。,"由于苯的挥发性大，暴露于空气中很容易扩散。人和动物吸入或皮肤接触大量苯进入体内，会引起急性和慢性苯中毒。有研究报告表明，引起苯中毒的部分原因是由于在体内苯生成了苯酚。 [

（1）长期吸入会侵害人的神经系统，急性中毒会产生神经痉挛甚至昏迷、死亡。

（2）在","急性苯中毒临床表现

1．轻度中毒者可有头痛、头晕、流泪、咽干、咳嗽、恶心呕吐、腹痛、腹泻、步态不稳；皮肤、指甲及粘膜紫组、急性结膜炎、耳鸣、畏光、心悸以及面色苍白等症状。

2．中度和重度中毒者，除上述症状加重、嗜睡、反应迟钝、神志恍惚等外，还可能迅速昏",苯主要通过呼吸道吸入（47-80%）、胃肠及皮肤吸收的方式进入人体。一部分苯可通过尿液排出，未排出的苯则首先在肝中细胞色素P450单加氧酶作用下被氧分子氧化为环氧苯（7-氧杂双环[4.1.0]庚-2，4-二烯）。环氧苯与它的重排产物氧杂环庚三烯存在平衡，是苯代谢过程中产生的有 ,生豆油中含,"气相色谱法和高效液相色谱法可以检测各种产品中苯的含量。苯的纯度的测定一般使用冰点法。

对空气中微量苯的检测，可以用甲基硅油等有挥发性的有机溶剂或者低分子量的聚合物吸收，然后通过色谱进行分析；或者采用比色法分析；也可以将含有苯的空气深度冷冻，将苯冷冻下来",中国PC-TWA：6mg/m3；PC-STEL：10mg/m3 美国 ACGIH 10ppm， 32mg/m3 TWA: OSHA 1ppm， 3.2 mg/m3
11.0,氯乙烯,75-01-4,200-831-0,62.4987,,,,,1,氯乙烯又名乙烯基氯（Vinyl chloride）是一种应用于高分子化工的重要的单体，可由乙烯或乙炔制得。为无色、易液化气体。氯乙烯是有毒物质，肝癌与长期吸入和接触氯乙烯有关。它与空气形成爆炸混合物，爆炸极限4%～22%（体积），在加压下更易爆炸，贮运时必须注意容器的密闭 ,无色、有醚样气味的气体,微溶于水，溶于乙醇、乙醚、丙酮、苯等多数有机溶剂。,亚急性和慢性毒性：急性毒性表现为麻醉作用；长期接触可引起氯乙烯病。急性中毒：轻度中毒时病人出现眩晕、胸闷、嗜睡、步态蹒跚等；严重中毒可发生昏迷、抽搐，甚至造成死亡。皮肤接触氯乙烯液体可致红斑、水肿或坏死。慢性中毒：表现为神经衰弱综合征、肝肿大、肝功能异常,"中枢神经系统症状：接触后可很快出现头晕、头痛、恶心、呕吐、胸闷、嗜睡、步态蹒跚等。严重者可出现不同程序意识障碍，甚至死亡。

⑶肝脏损害：少数患者发病数日后出现肝大，肝区疼痛，肝功能异常，如ALT升高等。

⑷皮肤黏膜刺激：皮肤接触该品液体可出现局部麻木、 ","主要经呼吸道吸收。志愿者的肺吸收率42%，不受空气中氯乙烯浓度影响；停止接触后，呼出气氯乙烯浓度立即下降,故认为通过肺排除很少。氯乙烯及其代谢产物大部分经肾排出。尿中代谢物是硫化二乙醇酸、S-半胱氨酸、N-乙酰-S-半胱氨酸。",包装材料污,"⑴气体检测管法；便携式气相色谱法；直接进水样气相色谱法。

⑵气体速测管（美国梅思安公司产品、北京劳保所产品、德国德尔格公司产品）。","1-中国MAC(mg/m3）：10；  2-前苏联MAC(mg/m3）：5/1； 3-TLVTN：ACGIH 5ppm,13mg/m3"
12.0,与消费酒精饮料有关的乙醛,75-07-0,200-836-8,44.05,,,,,1,无色液体，溶于水和乙醇等有机溶剂。天然存在于圆柚、梨子、苹果、覆盆子、草莓、菠萝、干酪、咖啡、橙汁、朗姆酒中。具有辛辣、醚样气味，稀释后具有果香、咖啡香、酒香、青香。,无色易流动液体，有刺激性气味。,可溶于水。,乙醛为乙醇在体内代谢的一种产物，可引起脸潮红、心悸及血压下降等不适症状。这些作用可由于同时接触二硫代秋兰姆（又称“Antabuse”，可作戒酒剂及橡胶抗氧化剂）、氰酰胺和二甲酰甲酰胺而加剧，乙醛为香烟雾中的成分之一，具有纤毛毒性，可减少肺巨噬细胞数。,低浓度引起眼、鼻及上呼吸道刺激症状及支气管炎。高浓度吸入尚有麻醉作用。表现有头痛、嗜睡、神志不清及支气管炎、肺水肿、腹泻、蛋白尿肝和心肌脂肪性变。可致死。误服出现胃肠道刺激症状、麻醉作用及心、肝、肾损害。对皮肤有致敏性。反复接触蒸气引起皮炎、结膜炎。,乙醛主要经呼吸道和胃肠道进人机体。吸入的乙醛蒸气约40%～70%留在呼吸道，进入血液的乙醛在红细胞中的浓度约为血浆的10倍。体内乙醛主要经肝脏NAD依赖性醛脱氢酶氧化代谢成乙酸，进一步生成CO2和水排出体外。乙醛也是体内糖代谢的中间产物，乙醛是乙醇经肝脏NAD依赖性醇脱 ,天然存在于,溶剂解吸－气相色谱法,中国MAC(mg/m3)：未制定标准
13.0,环氧乙烷,75-21-8,200-849-9,44.052,,,,,1,"环氧乙烷是一种有机化合物，化学式是C2H4O，是一种有毒的致癌物质，以前被用来制造杀菌剂。环氧乙烷易燃易爆，不易长途运输，因此有强烈的地域性。被广泛地应用于洗涤，制药，印染等行业。在化工相关产业可作为清洁剂的起始剂。

",环氧乙烷在低温下为无色透明液体，在常温下为无色带有醚刺激性气味的气体。,与水可以任何比例混溶，能溶于醇、醚。,环氧乙烷毒性属中等毒类。气体可经呼吸道吸收，易透过衣服、手套而被皮肤吸收。环氧乙烷的毒性可能由于在体内转化为甲醛或乙二醇，再氧化为草酸，引起细胞机能障碍，或与三甲胺结合形成乙酰胆碱，从而干扰神经系统功能，导致中毒。,急性中毒：患者有剧烈的搏动性头痛、头晕、恶心和呕吐、流泪、呛咳、胸闷、呼吸困难；重者全身肌肉颤动、言语障碍、共济失调、出汗、神志不清，以致昏迷。还可见心肌损害和肝功能异常。抢救恢复后可有短暂精神失常，迟发性功能性失音或中枢性偏瘫。皮肤接触迅速发生红肿，数,"（1）吸收：多以气态形式经呼吸道吸收，液态可经皮肤和消化道吸收。
（2）排泄：经尿排出。
可能通过血液循环被细胞吸收，而后转化成甲醛或乙二醇，再氧化为草酸从尿中排出。",塑料包装材,《食品接触材料 塑料中环氧乙烷和环氧丙烷含量的测定 气相色谱法(GB/T 23296.11-2009)》,
14.0,"1,2-二氯苯",95-50-1,202-425-9,147.00,,,,,1,广泛用作有机物和有色金属氧化物的溶剂、防腐剂，也可作杀虫剂 。,无色易挥发的液体，有芳香气味。,不溶于水，溶于醇、醚等多数有机溶剂,吸入高浓度蒸气会引起中枢神经麻痹，主要损害肝、肾。能刺激皮肤和黏膜，易被皮肤吸收。,"吸入1,2-二氯苯后，出现呼吸道刺激、头痛、头晕、焦虑、麻醉作用，以致意识不清。液体及高浓度蒸气对眼有刺激性。可经皮肤吸收引起中毒，表现类似吸入。口服引起胃肠道反应。皮肤接触可引起红斑、水肿。可燃性，有毒性，刺激性。","吸收/分布/排泄
吸收：可几乎全部通过胃肠道吸收。
分布：一旦被吸收，会迅速分布，由于1,2-二氯苯的亲脂性，所以会先分布于脂肪或脂肪组织及分布于肾、肝、肺。
排泄：代谢物主要是通过肾脏排泄，而排泄过程比较慢。
代谢及其产物
1,2-二氯苯在肝脏通过氧化，主要代谢",尤其是受污,,中国(待颁布) 饮用水源中有害物质的最高容许浓度 0.02mg/L。
15.0,三氯乙烯,79-01-6, 201-167-4,131.39,,,,,1,"三氯乙烯，乙烯分子中3个氢原子被氯取代而生成的化合物。难溶于水，溶于乙醇、乙醚等。三氯乙烯为可燃液体，遇到明火、高热能够引发火灾爆炸的危险。三氯乙烯曾用作镇痛药和金属脱脂剂，可用作萃取剂、杀菌剂和制冷剂，以及衣服干洗剂。长期接触可引起三叉神经麻痹等病症。",无色透明液体，有似氯仿的气味。,不溶于水，溶于乙醇、乙醚，可混溶于多数有机溶剂。,该品主要对中枢神经系统有麻醉作用。亦可引起肝、肾、心脏、三叉神经损害。,急性中毒：短时内接触（吸入、经皮或口服）大量该品可引起急性中毒。吸入极高浓度可迅速昏迷。吸入高浓度后可有眼和上呼吸道刺激症状。接触数小时后出现头痛、头晕、酩酊感、嗜睡等，重者发生谵妄、抽搐、昏迷、呼吸麻痹、循环衰竭。可出现以三叉神经损害为主的颅神经损害，,"三氯乙烯（Tri）的吸收和排出,随其脂溶度、水溶度、空气中浓度和机体通气量等因素而定。可经呼吸道、消化道和皮肤吸收。通常有50%～60％的Tri储留在体内,4 d后血中仅存微量,10%～20％未经代谢的Tri经肺排出,随尿排出的两种主要代谢物三氯乙醇（TCE）及三氯乙酸（TCA）约占Tr",特别是在水,,
16.0,五氯苯酚,87-86-5,201-778-6,266.33,,,,,1,"要用作水稻田除草剂，纺织品、皮革、纸张和木材的防腐剂和防霉剂。

2017年10月27日，世界卫生组织国际癌症研究机构公布的致癌物清单初步整理参考，五氯苯酚在一类致癌物清单中。",白色粉末或晶体，带有苯酚气味。,几乎不溶于水，溶于稀碱液、乙醇、丙酮、乙醚、苯、卡必醇、溶纤剂等，微溶于烃类。,本品属中等毒性。中毒后因交热和心力衰竭可引起死亡。皮肤接触有明显的刺激作用。,该品可引起机体基础代谢异常亢进及高热。一般由于大量皮肤吸收或误服所致，多发生在夏季。常先有乏力、多汗、烦渴、头昏、头痛、心悸，发热38℃左右，可伴有恶心、呕吐、腹痛等。数小时内病情突然加剧，出现高热（40℃以上）、全身大汗淋漓、极度疲乏、烦燥、昏迷、肌肉强直,,添加剂，水,,
17.0,2-萘胺,91-59-8,202-080-4,143.19,,,,,1,"萘胺的氨基与亚硝酸作用形成重氮盐，并可转烃成多种萘的衍生物，常用于制造染料和有机合成，也用作有机分析试剂和荧光指标剂。

2017年10月27日，世界卫生组织国际癌症研究机构公布的致癌物清单初步整理参考，2-萘胺在一类致癌物清单中。 [1",白色到微粉红色片状，略有芳香气味,溶于热水、乙醇、乙醚、苯。,乙萘胺可引起接触性皮炎。急性中毒可以导致高铁血红蛋白血症或急性出血性膀胱炎。长期接触乙萘胺的主要危害为发生膀胱肿瘤，诱发期平均15～20年。小部分接触者可在调离工作后几年才发病。多为恶性膀胱癌，起病缓慢，早期症状为突然发生无痛性血尿或呈显微镜下血尿。膀胱镜检,,胺可经呼吸道进入人体，也可从胃肠道和皮肤进入。萘胺进入人体后，小部分以原形由尿排出，绝大部分转变为有致癌作用的羟基衍生物及醌亚胺 (NH：C6H4：O)类衍生物。,,一种食品中2-萘胺的酶联免疫吸附检测方法,
18.0,4-氨基联苯,92-67-1,202-177-1,169.23,,,,,1,"4-氨基联苯 ，又称对氨基联苯，由一个氮原子连接两个苯环的化学物质。用于有机合成。

",棕褐色粉末,微溶于水，溶于乙醇、乙醚和氯仿,"1.急性毒性[13]

LD50：500mg/kg（大鼠经口）；205mg/kg（小鼠经口）；690mg/kg（兔经口）

2.刺激性  无资料

3.致突变性[14]  微生物致突变：鼠伤寒沙门菌2μg/皿。程序外DNA合成：人肝100μg/L。DNA损伤：人淋巴细胞500μmol/L（2h）。DNA加合物：小鼠经口80mg/kg ",,,,,
19.0,联苯胺,92-87-5,202-199-1,184.24,,,,,1,"4,4'-二氨基联苯俗称“联苯胺”，分子式为(C6H4NH2)?，系联苯的衍生物之一，为IARC

第一类致癌物，有强烈的致癌作用，是染料合成的中间体，在染色的棉纺织品中容易超标；该物质还曾用于氰化物的测定。",为白色或微带淡黄色的稳定针状结晶或粉末，可燃，露置于空气中光线照射时颜色加深，市售商品常呈淡黄色。,难溶于冷水，微溶于热水、乙醚，易溶于乙酸、稀盐酸和沸乙醇。,"4,4'-二氨基联苯可经呼吸道、胃肠道、皮肤进入人体。对皮肤可引起接触性皮炎；对粘膜有刺激作用；长期接触可引起出血性膀胱炎，膀胱复发性乳头状瘤和膀胱癌 [7]  。",,,,,
20.0,邻甲苯胺,95-53-4,202-429-0,107.15,,,,,1,"主要用作染料等有机合成中间体，也用作分析试剂，硫化促进剂，及制造糖精等；

1）用于制备偶氮染料、三苯甲烷染料；例如用于制备硫化蓝、硫化淡黄GC、硫化黄棕5G、色酚AS-D、红色基RL、大红色基G、枣红色基GBC、酸性桃红3B、还原桃红R、碱性品红和碱性桃红T等；

2）在",常温下为无色或淡黄色油状液体，暴露在空气和日光中变成红棕色。,微溶于水，溶于乙醇、乙醚、稀酸。25 oC在水中溶解度为1.5 g/100 mL。,急性毒性：大鼠经口LD50：940mg/kg；兔经皮LD50：3250mg/kg。大鼠吸入，4h LC50：862ppm。,本品毒性与苯胺相类似，摄入、吸入蒸气或经皮肤吸收会引起中毒，生成高铁血红蛋白，引起神经障碍及缺氧，有头痛、发绀、无力、眩晕、倦睡、引起严重的膀胱炎、膀胱出血和血尿等症状; 与眼和皮肤接触后会引起眼灼伤和皮炎。本品能因皮肤吸收而中毒，应避免与皮肤接触。,,食品染料，,,
21.0,2-氯苯胺,95-51-2,202-426-4,127,,,,,1,"1.用作染料中间体、溶剂、防霉剂及试剂。用作农药、合成树脂等的中间体。用于制备冰染染料色基，即黄色基GC。亦可作为偶氮染料（如酸性黑、酸性蓝）的重氮组分，用于生产永固黄R、永固红FR、汉沙黄HR等。

2.用于制取医药、农药及聚氨酯树脂的交联剂甲基双氯苯胺。也可用 ",2-氯苯胺为琥珀色液体，有氨臭。暴露在空气中颜色变黑。,几乎不溶于水，溶于酸和大多数常用有机溶剂。,"1、急性毒性：小鼠经口LD50：256g/kg；猫经皮肤接触LD50：222mg/kg；猫经皮下LDLo：310mg/kg；

2、其他多剂量毒性：大鼠经吸入TDLo：14560mg/ kg/13W-I；小鼠经口TDLo：14560mg/ kg/13W-I；

3、属中等毒类。容易被皮肤吸收，具有溶血作用。能损害肝脏和肾脏，引起膀胱",头晕、头痛、乏力、胸闷、心悸、四肢麻木、耳鸣、恶心、食欲不振，少数患者伴有颜面口唇紫绀、呼吸困难、烦躁不安、谵妄。同时实验室检查少数患者的肝功能、心肌酶谱异常，红细胞压积降低，有的甚至出现蛋白尿。,,包装污染。,中文标准名称：出口食品中2-氯苯胺含量的测定 液相色谱-质谱/质谱法,前苏联（1975）水体中有害物质最高允许浓度 0.1mg/L
22.0,"1,3-丁二烯",106-99-0,271-039-0,54.0916,,,,,1,是制造合成橡胶、合成树脂、尼龙等的原料。,无色微弱芳香气味气体。,溶于丙酮、苯、乙酸、酯等多数有机溶剂,"毒性：属低毒类。

急性毒性：LD505480mg/kg(大鼠经口)；LC50285000mg/m3，4小时(大鼠吸入)；人吸入1%，轻度反应、头痛、口干、嗜睡等；人吸入17.6g/m3×8小时，上呼吸道刺激反应；人吸入11g/m3×6小时，眼粘膜轻度刺激。

亚急性和慢性毒性：大鼠吸入30mg/m3，81天，造",该品具有麻醉和刺激作用。急性中毒：轻者有头痛、头晕、恶心、咽痛、耳鸣、全身乏力、嗜睡等。重者出现酒醉状态、呼吸困难、脉速等，后转入意识丧失和抽搐，有时也可有烦躁不安、到处乱跑等精神症状。脱离接触后，迅速恢复。头痛和嗜睡有时可持续一段时间。皮肤直接接触丁二,,塑料接触,GB 31604.12-2016 食品安全国家标准 食品接触材料及制品 1，3-丁二烯的测定和迁移量的测定,
23.0,马法兰,,,,,,,,1,本品可用与多种肿瘤，在单一化疗及联合化疗中，为多发性骨髓瘤的首选药。对精原细胞瘤、乳腺癌、卵巢癌、慢性白血病、真性红细胞增多症，恶性淋巴瘤、儿童晚期神经母细胞瘤、甲状腺癌有效。动脉灌注治疗肢体恶性肿瘤如：恶性黑色素瘤、软组织肉瘤和骨肉瘤有较好疗效，偶用于,,,,美法仑最常见的不良反应是骨髓抑制，可导致白细胞和血小板减少。高达30%的病人在口服常规剂量美法仑后，出现胃肠道不适，包括恶心和呕吐，使用常规剂量美法仑罕见胃炎发生，而接受高剂量静注美法仑有增加腹泻、呕吐和胃炎发生的可能。有报道称使用环磷酰胺前驱治疗可降低美 ,,,,
24.0,甲氧沙林（8-甲氧基补骨脂素）,298-81-7,,216.19000,,,,,1,甲氧沙林（Methoxsalen），别名花椒毒素、甲氧基补骨脂素、8-甲氧基补骨脂素，是一种无气味的白色至奶油色的结晶固体的化学品，具有苦味道。甲氧沙林为皮肤抗感染药，临床上主要用于治疗白癜风、牛皮癣（银屑病）。,"无气味的白色至奶油色的结晶固体,苦味道",,本药为光敏剂，与表皮细胞结合后可被波长为320～400nm的长波紫外线激活，最大作用波长为365nm。在长波紫外线的作用下，与表皮细胞DNA上的胸腺嘧啶发生光化学反应，形成光加合物，产生光毒反应，使表皮细胞DNA合成及有丝分裂受到抑制，从而使表皮细胞更新速度减缓，发挥治疗 ,"1.本药内服后可有恶心、呕吐、头晕、头痛、精神抑郁、失眠以及中毒性肝炎。

2.本药配合UVA照射后常见的不良反应是红斑(常在照射24～48h出现)、皮肤色素沉着、瘙痒。若照射剂量过大或时间过长，照射部位皮肤上可出现红肿、水疱、疼痛、脱屑以及足和小腿的肿胀。

3.局部",口服后约95%从胃肠道吸收，并与血浆蛋白结合，表皮细胞与其结合力较强。与250ml牛奶同服时血药浓度峰值时间为0.5～6h，硬胶囊服用后半衰期为1.1h，软胶囊服用后半衰期为2h。本药在肝脏代谢，代谢物主要从肾脏排泄，肾功能正常者，尚未见蓄积现象。24h内95%的代谢物从肾脏排 ,,,
25.0,苏消安,,,,,,,,1,白消安（Busulfan）作用同氮芥，属双甲基磺酸酯类双功能烷化剂，为细胞周期非特异性药物。进入人体后磺酸酯基团的环状结构打开，通过与细胞DNA内的鸟嘌呤起烷化作用而破坏DNA的结构与功能。易经胃肠道吸收，口服吸收良好。吸收后很快自血浆消失，反复给药可逐渐在体内蓄积。,本品为白色结晶性粉末；几乎无臭。,本品在丙酮中溶解，在水或乙醇中微溶,,主要为消化道反应及骨髓抑制，白细胞、血小板减少，肺纤维化。有的患者可有头昏、面红、男性乳腺发育或睾丸萎缩；妇女无月经，可能致畸胎。长期服用或用药过大可致肺纤维化。,本品口服吸收良好，迅速分布到各组织中去，t1/2约2～3小时。几乎所有药物经代谢后均以甲烷磺酸形式自尿中缓慢排出。24小时排出不足50％，反复用药可引起蓄积。但5例病人服用本品1mg／kg每6小时1次，连服4日，首剂后t1/2为3.4小时，末剂后t1/2为2.3小时。说明长期用药可促进 ,,"含量测定 
取本品约0.2g，精密称定，置200ml 锥形瓶中，加水40ml，附回流冷凝管，缓缓回流30分钟，放冷至室温，加酚酞指示液数滴，用氢氧化钠滴定液(0.1mol/L)滴定。

每1ml氢氧化钠滴定液(0.1mol/L)相当于12.32mg的C6H14O6S2 。
",
26.0,苯丁酸氮芥,,,304.22,,,,,1,苯丁酸氮芥（Chlorambucil）作用机制与其他氮芥类药物相同，主要引起DNA链的交叉连接而影响DNA的功能。耐药主要由于谷胱甘肽S转移酶活性增加。本品进入人体内后丙酸侧链在β-位氧化成苯乙酸氮芥。虽然苯乙酸氮芥的抗肿瘤作用低于苯丁酸氮芥，但脱氯乙基作用缓慢，所以作用时,,,,"血液学：
　　非常常见：白血球减少症，嗜中性白血球减少症，血小板减少（症），全血细胞减少症或者骨髓抑制。
　　常见：贫血。
　　最常见的不良反应是骨髓抑制，虽然发生率较高，但如及时停药，通常是可逆的。但也有发生不可逆性骨髓衰竭的报告。
　　胃肠道：胃肠道","口服给予C14标记的苯丁酸氮芥，最大血浆放射活性出现在给药后40至70分钟，研究结果表明经平均终末期1.5小时后，苯丁酸氮芥从血浆中消失，尿中排泄水平低。口服或静注C14标记的苯丁酸氮芥后，尿中高放射活性显示本品口服经胃肠道吸收良好。
　　12位患者口服0.2mg/kg苯丁酸 ",,,
27.0,马兜铃酸,313-67-7,206-238-3,341.29,,,,,1,"马兜铃酸（Aristolochic acids，简称AAs）也被称为马兜铃总酸、增噬力酸或木通甲素，是一类硝基菲羧酸。

2017年10月27日，世界卫生组织国际癌症研究机构公布的致癌物清单初步整理参考，马兜铃酸、含马兜铃酸的植物在一类致癌物清单中。",带光泽的棕色叶状结晶（二甲基甲酰胺-水）,溶于乙醇、氯仿、乙醚、丙酮、醋酸、苯胺及碱，微溶于碱，几乎不溶于苯及二硫化碳。,"马兜铃酸类化合物中，主要的毒性成分为马兜铃酸Ⅰ和马兜铃酸Ⅱ，其在硝基还原酶的催化下，一部分被还原为马兜铃内酰胺，另一部分在还原过程中进一步与DNA作用，形成加合物。

在马兜铃酸类衍生物对猪肾小管上皮细胞的毒性研究中发现，各衍生物毒性的强弱与其化学结构有关 ",引发肾衰竭。出现上消化道中毒症状如恶心、呕吐，严重者可有上消化道出血、肝功能异常以及血小板减少。50%的患者有贫血和高血压。均有肾功能不全，半数患者表现为非少尿型急性肾功能衰竭。服药量较大者（木通摄入总量常超过50 g）可发生少尿型急性肾功能衰竭。原有肾病的患 ,,马兜铃酸、,,
28.0,含马兜铃酸的植物,,,,,,,,1,,,,,,,,,
29.0,硫唑嘌呤,,,277.27,,,,,,硫唑嘌呤（Azathioprine）系巯嘌呤的咪唑衍生物，在体内分解为巯嘌呤而起作用。其免疫作用机制与巯嘌呤相同，即具有嘌呤拮抗作用，由于免疫活性细胞在抗原刺激后的增殖期需要嘌呤类物质，此时给以嘌呤拮抗即能抑制DNA、RNA及蛋白质的合成，从而抑制淋巴细胞的增殖，即阻止抗,本品为淡黄色片,,"1.毒性反应与巯嘌呤相似，大剂量及用药过久时可有严重骨髓抑制，可导致粒细胞减少，甚至再生障碍性贫血，一般在6～10天后出现。也可有中毒性肝炎、胰腺炎、脱发、黏膜溃疡、腹膜出血、视网膜出血、肺水肿以及厌食、恶心、口腔炎等。

2.增加细菌、病毒和真菌感染的易感性 ",,硫唑嘌呤的肠吸收较6－巯基嘌呤为佳，口服吸收良好，进入体内后很快被分解为6－巯基嘌呤，然后再分解代谢而生成多种氧化的和甲基化的衍生物，随尿排出体外，24小时尿中排泄量为50～60%，48小时内大便排出12%，血中浓度低，服药后1小时达最高浓度，3～4小时血中浓度降低一半 ,,,
30.0,萘氮芥,494-03-1,,268.1816,,,,,1,,,极微溶于水、甘油，溶于石油醚、乙醇、橄榄油、乙醚、苯。,,,,,,
31.0,芥子气,505-60-2,,159.08,,,,,1,"芥子气，即二氯乙基硫（ 2,2'-二氯二乙硫醚，β,β'-二氯二乙硫醚，二(2-氯乙基)硫；dichlorodiethyl sulfide，dichloroethylsulfide，bis(2-chloroethyl)sulfide）的俗名，因具有挥发性，有像芥末的味道而得名。主要用于有机合成、药物（可用于治疗某些过度增殖性疾病）及 ",无色油状液体，有大蒜气味，工业品呈深褐色,微溶于水,芥子气的毒性通常认为是其对DNA的烃化作用引起。作为一种双烃化剂，它能与DNA中强亲核性的富电子的原子反应，由于人体细胞内所含N、O、S等成分都对烃化剂具有强度不同的亲和能力，使得DNA对它的作用高度敏感。研究表明，芥子气烃化反应的主要功能基团是赖氨酸的氨基、谷氨酸,"皮肤

皮肤是芥子气主要中毒途径。皮肤不仅吸收芥子气，并通过血液循环将其分布至其他组织，造成全身中毒和局部损伤。 [53]  

皮肤中毒时有数小时的潜伏期，初期皮肤接触芥子气时无明显刺激症状，经潜伏期（液态2-6小时

、蒸气6-12小时）后，皮肤出现红斑，界限清楚","芥子气与皮肤粘膜接触后2-3 min尚滞留于体表（此时用消毒剂可除去），至10-15 min大部被吸收。吸收速度
为1-4μg/(cm2·min)。其中约12%的芥子气“固定”于局部引起损伤，其余大部分进入血循环并分布全身。肾、肺、肝含量较多，可能与供血量有关。全身吸收作用与组织器官的",,"传统的芥子气检测方法是利用其烃化性质或形成复合物的性质与化学试剂反应，采用比色法进行检测。常用的有麝香草酚酞（蓝色试剂）法、C-（4-硝基苄基）吡啶法（DB-3法）、亚硝基铁氰化钠法、硫脲-镍盐试剂法等。 [48]  

随着现代仪器分析技术的发展，芥子气的仪器检测如离",
32.0,双（氯甲基）醚,542-88-1,208-832-8,115.0,,,,,1,"作药物消瘤芥、八氮二丙醚、双解磷的中间体。也是维生素B2的中间体（合成3,4-二甲基苯胺的原料）。",无色挥发性液体，具有窒息性气味,可与乙醇和乙醚混溶。遇水分解为甲醇、甲醛、氯化氢、氯甲酸甲脂,"双（氯甲基）醚毒作用与氯甲醚相似，但吸入毒性较高，其蒸气对眼和呼吸道粘膜有刺激作用，高浓度可致肺水肿。大鼠吸入7h的LC50为33mg/m,经口LD50为210mg/kg。

本品对动物的致癌作用比氯甲醚强。小鼠吸入、涂皮和皮下注射，大鼠吸入和皮下注射实验，均能诱发恶性肿瘤，且 ","1.急性中毒。国内曾有报道某化工厂一女性实验员在实验室合成双（氯甲基）醚时，因吸入蒸气而致急性中毒。患者表现为头昏、头痛、眼结膜充血、流泪、畏光、鼻塞、流涕、咽痛、频繁咳嗽，两肺听诊呼吸音粗糙，右下肺闻及干性啰音。同实验室工作的其他6人也有相似的症状。

2",,污染,,
33.0,石棉,1332-21-4,,370,,,,,1,石棉又称“石绵”，为商业性术语，指具有高抗张强度、高挠性、耐化学和热侵蚀、电绝缘和具有可纺性的硅酸盐类矿物产品。它是天然的纤维状的硅酸盐类矿物质的总称。下辖2类共计6种矿物（有蛇纹石石棉、角闪石石棉、阳起石石棉、直闪石石棉、铁石棉、透闪石石棉等）。石棉由纤,呈纤维状，绿黄色或白色，分裂成絮时呈白色，丝绢光泽，纤维富有弹性,不溶于水,"石棉本身并无毒害，它的最大危害来自于它的粉尘，当这些细小的粉尘被吸入人体内，就会附着并沉积在肺部，造成肺部疾病，石棉已被国际癌症研究中心肯定为致癌物。

另一方面，极其微小的石棉粉尘飞散到空中，被吸入到人体的肺后，经过20到40年的潜伏期，很容易诱发肺癌等肺",,,饮用水中的,石棉测试方法很多，由于石棉出现的环境不同，评价目的不同，选择的方法也不同，因此没有哪一种测试可以解决全部问题。只有将其相结合才能保证检测的有效性和准确性。根据石棉检测实践，并参考国内外相关标准，主要采用XRD 与PLM两种仪器相结合的手段作为工业产品中石棉检测 ,
34.0,多氯联苯,1336-36-3,,266.5,,,,,,"多氯联苯是德国H.施米特和G.舒尔茨于1881年首先合成的。美国于1929年最先开始生产，60年代中期，全世界多氯联苯的产量达到高峰，年产约为10万吨。据估计，全世界已生产的和应用中的PCB远超过100万吨，其中已有1/4至1/3进入人类环境，造成危害。
多氯联苯是德国H.施米特和G.",流动的油状液体或白色结晶固体或非结晶性树脂,不溶于水，溶于多数有机溶剂,中毒机理：肝脏是PCB中毒的主要靶器官之一。表现为肝大、肝功能的多项化验指标为阳性，如包括SGPT的多项肝脏酶活性指标呈现阳性，且与血液中PCB含量正相关。此外，血浆中安替比林半减期显著缩短（提示肝脏混合功能氧化酶活性被诱导）。很多PCB中毒病人的呼吸道与皮肤容易感 ,PCB中毒病人有下列症状：痤疮增皮疹，眼睑浮肿和眼分泌物增多，皮肤、黏膜、指甲色素沉着，黄疸，四肢麻木，胃肠道功能紊乱等，即所谓“油症”。与PCB长期接触的工人，常会发生痤疮皮疹，皮肤色素沉着，呈灰黑色或淡褐色，以脸部和手指为明显。全身中毒时，则表现嗜睡、全身,PCB可通过哺乳动物的胃肠道、肺和皮肤很好地被吸收。PCB进入机体后，广泛分布于全身组织，以脂肪和肝脏中含量较多。母体中的PCB能通过胎盘转移到胎儿体内，而且胎儿肝和肾中的PCB含量往往高于母体相同组织中的含量。PCB在体内的代谢速率随氯原子的增加而降低。在哺乳动物体 ,污染,,
35.0,黄曲霉毒素,1162-65-8,,312.27,,,,,1,"黄曲霉毒素（AFT）是一类化学结构类似的化合物，均为二氢呋喃香豆素的衍生物。黄曲霉毒素是主要由黄曲霉 （aspergillus flavus）寄生曲霉 （a.parasiticus）产生的次生代谢产物，在湿热地区食品和饲料中出现黄曲霉毒素的机率最高。

它们存在于土壤、动植物、各种坚果中，",,"在水中溶解范围为10～20mg/l，可大量溶解于氯仿、甲醇、二甲基亚砜等中等极性的有机溶剂中，不溶于己烷、石油醚和乙醚。


","对健康的危害黄曲霉毒素进入体内后，主要在肝细胞内质网微粒体混合功能氧化酶系的作用下进行代谢。黄曲霉毒素没有经过代谢活化是无致癌性的，因曲昔曲霍毒素袖称为前致癌物 [1]  ．

远远高于氰化物、砷化物和有机农药的毒性，其中以B1毒性最大。当人摄入量大时，可发生急","食品中所污染的主要是黄曲霉毒素B1，其毒性一般认为有三种临床特征；急性中毒、慢性中毒和致癌性：

（1）急性中毒：

它是一种剧毒物质，毒性比KCN大10倍，比砒霜大68倍，仅次肉毒霉素，是目前已知霉菌中毒性最强的。它的毒害作用，无论对任何动物，主要变化是肝脏，呈","黄曲霉毒素进入机体后，在肝脏中的量较其他组织器官为高，说明肝脏可能受黄曲霉毒素的影响最大。肾脏、脾脏和肾上腺也可检出，肌肉中一般不能检出。黄曲霉毒素如不连续摄入，一般不在体内积蓄。一次摄入后约1周即经呼吸、尿、粪等将大部分排出。



AFB1在动物体内经细 ",黄曲霉毒素,"操作步骤：

1.将所需试剂从微孔板中取出，放置室温(20～25℃)30min以上，液体试剂使用前均须摇匀。

2.取出所需数量的微孔板，将不用的微孔板与干燥剂一起重新真空密封，保存于2～8℃。不要冷冻。

3.洗涤工作液在使用前也需回温。 [3]  

4.将样本和标准品对应微 ",中国（GB2761-81）
36.0,"2,3,7,8-四氯二苯并对二氧化物",,,,,,,,1,,,,,,,饲料中进入,,
37.0,钚,,,,,,,,1,钚（Pu）是一种放射性元素，是原子能工业的一种重要原料，可作为核燃料和核武器的裂变剂。,属于锕系金属，外表呈银白色，接触空气后容易锈蚀、氧化，在表面生成无光泽的二氧化钚。,,钚及其同位素因为其放射性而有一定危险性。钚产生的α射线并不会穿透人体的皮肤而进入人体，但钚可能被人体吸入或消化而进入人体从而对内脏造成不利影响。α射线会造成细胞的损伤、染色体的损伤，理论上可能导致癌症发病率的上升。但是这种影响并不会比其它能放出α射线的放,,,土壤中进入,,
38.0,钍-232及其衰变产物,,,232.0381,,,,,1,为天然放射性核素。钍-232存在于独居石，硅酸钍矿中。,,,就化学毒性而言，钍化合物是低毒性物质。就放射性活度而言，钍是低比活度放射性核素。而且，钍经任何途径的吸收率均甚低，故在通常情况下，钍不会使人发生明显的近期损伤效应或急性钍中毒。钍的远期损伤效应主要是钍及其子体的辐射作用所致，而钍的化学毒性及其作为异物而产,人体血管内注入钍造影剂，除引起短暂性发热、恶心、呕吐、上腹部不适及外周血一过性白细胞减少外，一般不易引起近期的损伤病变或急性中毒。目前已确认，钍造影剂能使外周血淋巴细胞染色体畸变率明显增高。在一些病例中，染色体畸变率增高常发生在肝功能异常和血细胞计数改变,①吸收与分布。钍化合物经呼吸道吸收的量与化合物形式、溶解度和粒度有密切关系，Th(OH)4进入肺后，两个月吸收2%，柠檬酸钍络合物，10h可吸收20%～30%；钍经胃肠道进入人体时，吸收甚微，一般在0.05%以下；胃肠道的pH值、食入量均影响钍的吸收；钍不易透过完好的皮肤；伤口 ,,"由于环境样品中钍的含量很低，一般在10?8～10?6g/kg（L），因此必须采用灵敏度高、准确性好的分析方法，测量前还必须进行浓集、分离和纯化。
（1）分光光度法。分光光度法是目前分析环境样品中钍较为普遍的方法，最低可测出10?7g钍。可用于地表水、地下水和饮用水中钍的测 ",
39.0,砷和无机砷化合物,7440-38-2,,74．9216,,,,,1,砷，俗称砒，是一种类金属元素，在化学元素周期表中位于第4周期、第VA族，原子序数33，元素符号As，单质以灰砷、黑砷和黄砷这三种同素异形体的形式存在。砷元素广泛的存在于自然界，共有数百种的砷矿物是已被发现。砷与其化合物被运用在农药、除草剂、杀虫剂，与许多种的合 ,单质砷的三种同素异形体是灰砷、黄砷和黑砷，其中以灰砷最为常见。,不溶于水，溶于硝酸和王水。,分布于肝、肾、肺及胃肠壁及脾脏。主要经尿和粪排出。可通过胎盘屏障损及胎儿。元素砷基本无毒。但其氧化物及砷酸盐毒性较大，三价砷毒性较五价砷强。三氧化二砷的小鼠经口LD50为42.9mg/kg;兔为20mg/kg；猫吸入0.04mg/L三氧化二砷、超过15分钟即可发生急性中毒。砷可与细胞 ,砷急性中毒的表现症状为可有恶心、呕吐、口中金属味、腹剧痛、米汤样粪便等，较重者尿量减少、头晕、腓肠肌痉挛、发绀以至休克，严重者出现中枢神经麻痹症状，四肢疼痛性痉挛、意识消失等。注意：皮肤癌与摄入砷和接触砷有关，肺癌与吸入砷尘有关。,砷经由食入会吸收 60-90% 。经由吸入吸收 60-90% ，尘埃粒径的大小会决定沉着的部位。而经由皮肤吸收的极少。砷在吸收之后会分布到肝、脾、肾、肺、消化道，然后在暴露后四周之后大概只在皮肤、头发、指甲、骨头、牙齿还存有少量，其它的都会迅速地被排除掉。,食品。饮料,,
40.0,铍和铍化合物,7440-41-7,231-150-7,9.01,,,,,1,铍是一种灰白色的碱土金属，铍及其化合物都有剧毒。铍作为一种新兴材料日益被重视，铍是原子能、火箭、导弹、航空、宇宙航行以及冶金工业中不可缺少的宝贵材料,铍是钢灰色金属轻金属。铍的硬度比同族金属高，不像钙、锶、钡可以用刀子切割。,不溶于冷水，微溶于热水，可溶于稀盐酸，稀硫酸和氢氧化钾溶液而放出氢。,铍的化合物如氧化铍、氟化铍、氯化铍、硫化铍、硝酸铍等毒性较大，而金属铍的毒性相对比较小些。铍是全身性毒物。毒性的大小，取决于入体途径、不同铍化合物的理化性质及实验动物的种类。一般而言，可溶性铍的毒性大，难溶性的毒性小；静脉注入时毒性最大，呼吸道次之，经口,明显的进行性的呼吸道症状及全身症状。主要因肺部肉芽肿及铍引起的全身中毒反应所致。表现为明显的持续性体重减轻、疲劳、食欲不振、劳累后呼吸困难、胸闷、胸痛、咳嗽。少数患者可见间歇热。胸部体检可能无明显体征，有时出现罗音和胸膜摩擦音。晚期常出现明显紫绀及杵状指,铍化合物的主要入体途径为呼吸道。铍不能经完整皮肤侵入；但经创伤表皮入体的铍量比经无创伤表皮要大50倍。经口进入的铍吸收率很低，一般均＜1％。大部分可溶性铍盐在肠道可形成磷酸盐沉积，不被吸收。吸收后的铍，可能以磷酸铍和氢氧化铍的形式输送。铍能与血液中或淋巴液 ,,,
41.0,镉和镉化合物,7440-43-9,231-152-8,112.41,,,,,1,稀有元素，符号Cd。呈银白色。熔点320.9℃。地壳中物质与镉的比例为1000000：0.1～1000000：0.5。是作为副产品从锌矿石或硫镉矿中提炼出来的，大多用来保护其他金属免受腐蚀和锈损，如电镀钢、铁制品、铜、黄铜及其他合金。另一用途是制造一种叫做镉黄的亮黄色颜料，可用作 ,银白色有光泽的金属。有韧性和延展性。,不溶解于水。,镉会对呼吸道产生刺激，长期暴露会造成嗅觉丧失症、牙龈黄斑或渐成黄圈，镉化合物不易被肠道吸收，但可经呼吸被体内吸收，积存于肝或肾脏造成危害，尤以对肾脏损害最为明显。还可导致骨质疏松和软化。,镉及其化合物均有一定的毒性。吸入氧化镉的烟雾可产生急性中毒。中毒早期表现咽痛、咳嗽、胸闷、气短、头晕、恶心、全身酸痛、无力、发热等症状，严重者可出现中毒性肺水肿或化学性肺炎，有明显的呼吸困难、胸痛、咯大量泡沫血色痰，可因急性呼吸衰竭而死亡。用镀镉的器皿调,"有急性、慢性中毒之分。吸入含镉气体可致呼吸道症状，经口摄入镉可致肝、肾症状。
镉不是人体的必需元素。人体内的镉是出生后从外界环境中吸取的，主要通过食物、水和空气而进入体内蓄积下来。
镉的吸收和代谢镉的烟雾和灰尘可经呼吸道吸入。肺内镉的吸收量约占总进入量的",,,
42.0,煤焦油蒸馏,8007-45-2,65996-93-2,,,,,,1,煤炭干馏时生成的具有刺激性臭味的黑色或黑褐色粘稠状液体。简称焦油。煤焦油按干馏温度可分为低温煤焦油、中温煤焦油和高温煤焦油， 在焦炭生产中得到的煤焦油属于高温煤焦油。它是粗煤气冷却过程中冷凝、分离出来的焦炉煤气净化产品之一。煤焦油蒸馏(coal tar distillatio,有刺激性臭味的黑褐色粘稠状液体,微溶于水，溶于苯、乙醇、乙醚、氯仿、丙酮等多数有机溶剂,作用于皮肤，可能引起皮炎、痤疮、毛囊炎、光毒性皮炎、中毒性黑皮病、疣赘及癌肿，可引起鼻中隔损伤，还可能腐蚀皮肤。,,,,,
43.0,氡222及其衰变产物,,,,,,,,1,氡-222、氡-220及其子体，原子序数86，除了天然存在，还来自核工业释放、建筑物的释放、煤炭的开采、燃烧、磷酸盐工业等。可用于制备试验室用的氡-铍中子源，用作气体示踪剂、预报地震、医学应用等。,,,,,,,,
44.0,他莫昔芬,,,,,,,,1,,,,,,,,,
45.0,镭-224及其衰变产物,7440-14-4,,226.0254,,,,,1,镭是一种具有很强的放射性的元素 [1]  ，在化学元素周期表中位于第7周期，第IIA族，原子序数88，元素符号Ra。纯的金属镭是几乎无色的，但是暴露在空气中会与氮气反应产生黑色的氮化镭(Ra3N2)。镭的所有同位素都具有强烈的放射性，其中最稳定的同位素为镭-226，半衰期约为160,银白色质软金属,与水反应,,,,,,
46.0,司莫司汀,,,,,,,,1,,,,,,,,,
47.0,镭-226及其衰变产物,,,,,,,,1,,,,,,,,,
48.0,磷32,,,,,,,,1,磷-32，核素符号32P，半衰期为14.263d，来源于宇生放射性核素和核反应堆的活化产物等。,,,,,,,,
49.0,硅石粉尘，晶体,14808-60-7,,60.084,,,,,1,硅石 [1]  (quartz stone)是脉石英、石英岩、石英砂岩的总称。主要用于冶金工业用的酸性耐火砖。纯硅石可作石英玻璃或提炼单晶硅。结晶硅石外观一般呈乳白色、灰白色、淡黄色以及红褐色。有鲜明的光泽，断面平滑连续，并带有锐利棱角，硬度、强度都很大。脉石英呈致密块状，,结晶硅石外观一般呈乳白色、灰白色、淡黄色以及红褐色。有鲜明的光泽，断面平滑连续，并带有锐利棱角，硬度、强度都很大。,不溶于水也不跟水反应，不跟一般的酸起作用。,"二氧化硅在日常生活、生产和科研等方面有着重要的用途，但有时也会对人体造成危害。二氧化硅的粉尘极细，比表面积达到100m2/g以上可以悬浮在空气中，如果人长期吸入含有二氧化硅的粉尘，就会患硅肺病（因硅旧称为矽，硅肺旧称为矽肺）。
硅肺是一种职业病，它的发生及严重 ",,,,,
50.0,镭-228及其衰变产物,7440-14-4,,,,,,,1,镭是一种具有很强的放射性的元素，在化学元素周期表中位于第7周期，第IIA族，原子序数88元素符号Ra。纯的金属镭是几乎无色的，但是暴露在空气中会与氮气反应产生黑色的氮化镭（Ra3N2）。镭的所有同位素都具有强烈的放射性，其中最稳定的同位素为镭-226，半衰期约为1600年， ,银白色金属。,跟水反应生成氢氧化镭(Ra(OH)2)并放出氢气。溶于稀酸。化学性质跟钡十分相似。镭的氯化物、溴化物、氢氧化物易溶于水，硫酸盐、碳酸盐微溶于水,镭有剧毒，它能取代人体内的钙并在骨骼中浓集，急性中毒时，会造成骨髓的损伤和造血组织的严重破坏，慢性中毒可引起骨瘤和白血病。镭是生产铀时的副产物，用硫酸从铀矿石中浸出铀时，镭即成硫酸盐存在于矿渣中，然后转变为氯化镭，用钡盐为载体，进行分级结晶，可得纯的镭盐,,,,GB 14883.6-2016 食品安全国家标准 食品中放射性物质镭-226和镭-228的测定,
51.0,N-亚硝基降烟碱(NNN)）,16543-55-8,,177.2031,,,,,1,,,,,,,,,
52.0,铬（VI）化合物,,,,,,,,1,铬是银白色金属，在自然界中主要形成铬铁矿。常见化合价有+2、+3、+6三种。铬的天然来源主要是岩石风化，由此而来的铬大多是三价铬。,铬是银白色金属。,,"六价铬为吞入性毒物/吸入性极毒物，皮肤接触可能导致过敏；更可能造成遗传性基因缺陷，吸入可能致癌，对环境有持久危险性。但这些是六价铬的特性，铬金属、三价或四价铬并不具有这些毒性。
六价铬是很容易被人体吸收的，它可通过消化、呼吸道、皮肤及粘膜侵入人体。通过呼 ",在临床上铬及其化合物主要侵害皮肤和呼吸道，出现皮肤黏膜的刺激和腐蚀作用，如皮炎、溃疡、鼻炎、鼻中隔穿孔、咽炎等。可损害人体皮肤及呼吸道，形成很深的溃疡既铬疮。铬疮出现后，铬毒素进入人体血液沉淀。重者损害肾功能出现衰竭，如不及时抢救，患者会很快死亡。国外报,进入人体的铬被积存在人体组织中，代谢和被清除的速度缓慢。铬进入血液后，主要与血浆中的铁球蛋白、白蛋白、r-球蛋白结合，六价铬还可透过红细胞膜，15分钟内可以有50%的六价铬进入细胞，进入红细胞后与血红蛋白结合。铬的代谢物主要从肾排出，少量经粪便排出。六价铬对人 ,,锰酸钾氧化-二苯碳酰二肼光度法 GB7466-87 水质（总铬）,中国（GB5749-85) 生活饮用水水质标准 0.05mg/L（六价铬）
53.0,依托泊苷,33419-42-0,251-509-1,588.56,,,,,1,依托泊苷为细胞周期特异性抗肿瘤药物，作用于DNA拓扑异构酶Ⅱ，形成药物-酶- DNA稳定的可逆性复合物，阻碍DNA修复。实验发现这复合物可随药物的清除而逆转 ，使损伤的DNA得到修复，降低了细胞毒作用。因此，延长药物的给药时间，可能 提高抗肿瘤活性。,该品注射剂为灰白色结晶粉末。,易溶于水。,,,,,,
54.0,博来霉素,,,,,,,,1,,,,,,,,,
55.0,"2,3,4,7,8--五氯二苯并对二恶英",,,,,,,,1,,,,,,,,,
56.0,"3,4,5,3'，4'-五氯联苯",,,,,,,,1,,,,,,,,,
57.0,环孢素,,,,,,,,1,,,,,,,,,
58.0,煤焦沥青,,,,,,,,1,,,,,,,,,
59.0,毛沸石,,,,,,,,1,,,,,,,,,
60.0,页岩油,,,,,,,,1,,,,,,,,,
61.0,艾奇逊进程,,,,,,,,1,,,,,,,,,
62.0,酸雾,,,,,,,,1,,,,,,,,,
63.0,含酒精饮料,,,,,,,,1,,,,,,,,,
64.0,铝,7429-90-5,,26.981539,,,,,1,银白色轻金属。有延展性。商品常制成棒状、片状、箔状、粉状、带状和丝状。在潮湿空气中能形成一层防止金属腐蚀的氧化膜。铝粉在空气中加热能猛烈燃烧，并发出眩目的白色火焰。铝元素在地壳中的含量仅次于氧和硅，居第三位，是地壳中含量最丰富的金属元素。航空、建筑、汽车,银白色轻金属。,易溶于稀硫酸、硝酸、盐酸、氢氧化钠和氢氧化钾溶液，难溶于水。,从长远来看，铝的毒性可导致各种健康问题，包括语言表达，记忆丧失，头痛，贫血，肾功能不全，肝脏疾病，极度紧张，佝偻病，肠胃不适，骨头软化，绞痛，钙离子代谢等负面影响。在极端情况下，铝中毒的症状还与阿尔茨海默氏症十分相似。,铝中毒的现象有情绪低落，容易疲劳，容易犯困，嗜睡，食欲不振，胸闷气短。,铝可以很容易被吸收进血液。但由于不是很容易通过尿液排出体外，它仍然会保留在体内。当数量超出人体排毒能力时，多余部分就会驻留在身体不同部位，包括心，脑，肌肉组织，脾脏，骨骼和肝脏。如果积累在大脑中，就会产生消极影响，甚至可能导致癫痫发作。在缺钙情况下，会使,,GB 5009.182-2017 食品安全国家标准 食品中铝的测定,根据世界卫生组织的评估，规定铝的每日摄入量为0～0.6mg/kg，这里的kg是指人的体重，即一个60kg的人允许摄入量为36mg。我国《食品添加剂使用标准GB2760-2011》中规定，铝的残留量要小于等于100mg/kg。
65.0,槟榔,,,,,,,,1,棕榈科槟榔属常绿乔木，茎直立，乔木状，高10多米，最高可达30米，有明显的环状叶痕，雌雄同株，花序多分枝，子房长圆形，果实长圆形或卵球形，种子卵形，花果期3-4月。,果实长圆形或卵球形，长3-5厘米，橙黄色，中果皮厚，纤维质。种子卵形，基部截平，胚乳嚼烂状，胚基生。,,医学界长期以来怀疑经常嚼食槟榔会造成口腔溃疡、牙龈退变、黏膜下纤维化，进而导致口腔癌变，医学研究发现咀嚼槟榔令口腔癌的风险上升8.4-9.9倍，槟榔果中的槟榔素和槟榔碱具有潜在的致癌性，槟榔的花、藤都含有致癌物质，美国和日本曾用槟榔提取物进行实验，发现会导致鼠 ,,,,,
,,,,,,,,, ,,,,,,,,,
